filename,intensity,lens_diameter,lens_count,total_dur,get_outline_dur,get_eye_dimensions_dur,get_ommatidia_dur,measure_ommatidia_dur
D_mauritiana_SEM\Tam16_female_4\gaussian_blur\intensity_1.000.png,1.0,0.01956406555871809,810.0,5.119788000000001,0.7742833,0.0012877000000000001,3.5166020000000002,0.0020432000000000002
D_mauritiana_SEM\Tam16_female_4\gaussian_blur\intensity_2.000.png,2.0,0.01963072283861536,809.0,11.813732100000001,1.1381511,0.0014042,9.917528,0.0015174000000000001
D_mauritiana_SEM\Tam16_female_4\gaussian_blur\intensity_4.000.png,4.0,0.019581180934683595,802.0,18.0600442,0.7983824,0.0012235,16.5464798,0.0023087000000000003
D_mauritiana_SEM\Tam16_female_4\gaussian_blur\intensity_8.000.png,8.0,0.019890102492353918,788.0,19.975835,0.7134734,0.0016639,18.563616500000002,0.0017187
D_mauritiana_SEM\Tam16_female_4\gaussian_blur\intensity_16.000.png,16.0,0.020134656801453064,510.0,21.804363600000002,0.8880257,0.0014175000000000001,20.241643500000002,0.0011956
D_mauritiana_SEM\Tam16_female_4\gaussian_blur\intensity_32.000.png,32.0,,0.0,20.593812800000002,0.7139406,0.0011038,19.343064000000002,5.9e-06
