filename,intensity,lens_diameter,lens_count,total_dur,get_outline_dur,get_eye_dimensions_dur,get_ommatidia_dur,measure_ommatidia_dur
ant_replicas\maptarnew4_atop_dleft\change_contrast\intensity_0.031.png,0.03125,0.0171773186913412,1469.0,1.456225,0.3066835,0.0012963,0.6311582,0.0035546
ant_replicas\maptarnew4_atop_dleft\change_contrast\intensity_0.062.png,0.0625,0.016921752490588197,2422.0,1.9005769000000001,0.2669187,0.0016940000000000002,0.9353848,0.0036604000000000003
ant_replicas\maptarnew4_atop_dleft\change_contrast\intensity_0.125.png,0.125,0.016908156895432916,2555.0,2.1120202000000003,0.2583708,0.001351,1.2032038,0.0036780000000000003
ant_replicas\maptarnew4_atop_dleft\change_contrast\intensity_0.250.png,0.25,0.016901489480722804,2568.0,2.5765879000000003,0.3267351,0.0015705,1.5301958,0.0040714
ant_replicas\maptarnew4_atop_dleft\change_contrast\intensity_0.500.png,0.5,0.016894315893765534,2570.0,2.8445195,0.266398,0.0011467,1.8846870000000002,0.0080491
ant_replicas\maptarnew4_atop_dleft\change_contrast\intensity_1.000.png,1.0,0.016894315893765534,2570.0,3.9354587000000003,0.2612434,0.0012085000000000002,2.9316353000000004,0.005843500000000001
