filename,intensity,lens_diameter,lens_count,total_dur,get_outline_dur,get_eye_dimensions_dur,get_ommatidia_dur,measure_ommatidia_dur
D_melanogaster_micrographs\34\change_contrast\intensity_0.031.png,0.03125,0.015530410504324483,907.0,2.5751258000000004,0.2668957,0.0010272,1.9080313000000002,0.0016449000000000001
D_melanogaster_micrographs\34\change_contrast\intensity_0.062.png,0.0625,0.01552299554973623,914.0,4.2054614,0.2591681,0.0011918,3.4946317000000002,0.0016553000000000002
D_melanogaster_micrographs\34\change_contrast\intensity_0.125.png,0.125,0.015504947253217508,917.0,4.1874013,0.2537659,0.0011627,3.5261366,0.0020658
D_melanogaster_micrographs\34\change_contrast\intensity_0.250.png,0.25,0.01550421918606016,916.0,4.1290699,0.2921013,0.0009257,3.3839574000000003,0.0019022000000000002
D_melanogaster_micrographs\34\change_contrast\intensity_0.500.png,0.5,0.015507328318693362,917.0,4.0059468,0.26421330000000004,0.0011223000000000001,3.3090177,0.0016465000000000002
D_melanogaster_micrographs\34\change_contrast\intensity_1.000.png,1.0,0.015516417972101184,915.0,4.0959902,0.3054373,0.0010911,3.3391562,0.0016156
