filename,intensity,lens_diameter,lens_count,total_dur,get_outline_dur,get_eye_dimensions_dur,get_ommatidia_dur,measure_ommatidia_dur
D_mauritiana_SEM\Tam16_female_7\change_contrast\intensity_0.031.png,0.03125,,0.0,4.046128400000001,0.7145065,0.001239,2.8799940000000004,9.3e-06
D_mauritiana_SEM\Tam16_female_7\change_contrast\intensity_0.062.png,0.0625,0.021574409470901987,247.0,4.1109013,0.7083733000000001,0.0012535,2.8912732,0.0009205000000000001
D_mauritiana_SEM\Tam16_female_7\change_contrast\intensity_0.125.png,0.125,0.021106390898965457,575.0,4.1737789,0.7107961,0.0011998,2.9431328000000003,0.0012173000000000002
D_mauritiana_SEM\Tam16_female_7\change_contrast\intensity_0.250.png,0.25,0.020558328846086785,768.0,4.7439193,0.727113,0.0012337000000000001,2.9744465,0.0014144000000000001
D_mauritiana_SEM\Tam16_female_7\change_contrast\intensity_0.500.png,0.5,0.020306314619396356,817.0,4.4367160000000005,0.715663,0.0011647,3.0966231000000004,0.0020009000000000003
D_mauritiana_SEM\Tam16_female_7\change_contrast\intensity_1.000.png,1.0,0.02028454092211658,821.0,5.016875300000001,0.8172156,0.0012659000000000001,3.5063201000000004,0.0021776
