filename,intensity,lens_diameter,lens_count,total_dur,get_outline_dur,get_eye_dimensions_dur,get_ommatidia_dur,measure_ommatidia_dur
D_melanogaster_micrographs\34\reduce_size\intensity_1.000.png,1.0,0.015516417972101184,915.0,4.1965771,0.3152989,0.0013446,3.3976347000000002,0.0019317000000000002
D_melanogaster_micrographs\34\reduce_size\intensity_2.000.png,2.0,0.015293212494455661,893.0,3.1035911,0.07194160000000001,0.0010177,2.5285399,0.0030799
D_melanogaster_micrographs\34\reduce_size\intensity_4.000.png,4.0,0.014844352124852895,815.0,2.6057032,0.0166998,0.0008686000000000001,2.1606764000000003,0.002539
D_melanogaster_micrographs\34\reduce_size\intensity_8.000.png,8.0,0.017559897237180256,353.0,0.7381691,0.010439200000000001,0.0012451,0.43961100000000003,0.0013906
D_melanogaster_micrographs\34\reduce_size\intensity_16.000.png,16.0,,0.0,0.1841259,0.0018454,0.0006176,0.0027938000000000004,1.8000000000000001e-06
D_melanogaster_micrographs\34\reduce_size\intensity_32.000.png,32.0,,0.0,0.270247,0.0009141,0.0006262,0.0022228,1.5e-06
