filename,intensity,lens_diameter,lens_count,total_dur,get_outline_dur,get_eye_dimensions_dur,get_ommatidia_dur,measure_ommatidia_dur
D_melanogaster_micrographs\14\gaussian_blur\intensity_1.000.png,1.0,0.014868052151200867,804.0,3.3915786000000003,0.28573540000000003,0.0011002,2.5912329,0.0014969
D_melanogaster_micrographs\14\gaussian_blur\intensity_2.000.png,2.0,0.014860783086324875,775.0,6.3166529,0.25431370000000003,0.0014137000000000002,5.6235058,0.0018769000000000001
D_melanogaster_micrographs\14\gaussian_blur\intensity_4.000.png,4.0,0.027142354948799893,157.0,7.3114971,0.2929656,0.0010348,6.687706400000001,0.0007078000000000001
D_melanogaster_micrographs\14\gaussian_blur\intensity_8.000.png,8.0,0.14410848602878507,4.0,7.361809,0.2543057,0.0013149000000000001,6.750972000000001,0.000719
D_melanogaster_micrographs\14\gaussian_blur\intensity_16.000.png,16.0,,0.0,7.183731300000001,0.336787,0.0012057,6.461486300000001,5.4e-06
D_melanogaster_micrographs\14\gaussian_blur\intensity_32.000.png,32.0,inf,1.0,6.418593700000001,0.2842952,0.0010625,5.847621800000001,0.0006203000000000001
