filename,intensity,lens_diameter,lens_count,total_dur,get_outline_dur,get_eye_dimensions_dur,get_ommatidia_dur,measure_ommatidia_dur
D_mauritiana_SEM\Tam16_female_6_central\reduce_size\intensity_1.000.png,1.0,0.022379541181578134,846.0,4.518472,0.6993947,0.0012024000000000002,3.1199323000000003,0.0016201000000000002
D_mauritiana_SEM\Tam16_female_6_central\reduce_size\intensity_2.000.png,2.0,0.022038535331451697,849.0,1.4467777000000002,0.1947749,0.0010624,0.8603267,0.0015594
D_mauritiana_SEM\Tam16_female_6_central\reduce_size\intensity_4.000.png,4.0,0.02248558790645099,841.0,0.8033381,0.054444000000000006,0.0009061000000000001,0.3906451,0.0015921000000000002
D_mauritiana_SEM\Tam16_female_6_central\reduce_size\intensity_8.000.png,8.0,0.02256502281151916,831.0,0.6368668000000001,0.0180828,0.0008377,0.19789110000000001,0.0014532000000000002
D_mauritiana_SEM\Tam16_female_6_central\reduce_size\intensity_16.000.png,16.0,0.022793127203256963,751.0,0.46810460000000004,0.0098952,0.0011305,0.15184070000000002,0.0023591000000000003
D_mauritiana_SEM\Tam16_female_6_central\reduce_size\intensity_32.000.png,32.0,0.03892724846660591,192.0,0.2531128,0.0031036,0.000928,0.0339228,0.0005436
