filename,intensity,lens_diameter,lens_count,total_dur,get_outline_dur,get_eye_dimensions_dur,get_ommatidia_dur,measure_ommatidia_dur
D_mauritiana_SEM\Tam16_female_4\change_contrast\intensity_0.031.png,0.03125,,0.0,4.1923848,0.7515679000000001,0.0018571000000000002,3.0141769000000003,5.9e-06
D_mauritiana_SEM\Tam16_female_4\change_contrast\intensity_0.062.png,0.0625,0.021376705333371243,161.0,4.2809721000000005,0.7263702000000001,0.0012673,3.05938,0.0007033
D_mauritiana_SEM\Tam16_female_4\change_contrast\intensity_0.125.png,0.125,0.020173294793141495,544.0,4.3326653,0.7319447,0.0012426000000000002,3.0527812,0.0019069000000000002
D_mauritiana_SEM\Tam16_female_4\change_contrast\intensity_0.250.png,0.25,0.0197045128818575,781.0,4.4565183,0.7225847000000001,0.0011605,3.1399253000000003,0.0021168000000000003
D_mauritiana_SEM\Tam16_female_4\change_contrast\intensity_0.500.png,0.5,0.01983356489635693,805.0,4.3408954,0.7118907000000001,0.0012288000000000002,3.0745403000000002,0.0020825
D_mauritiana_SEM\Tam16_female_4\change_contrast\intensity_1.000.png,1.0,0.019664680640717233,810.0,4.4678106,0.7319074000000001,0.0012294,3.1173103,0.0015350000000000001
