filename,intensity,lens_diameter,lens_count,total_dur,get_outline_dur,get_eye_dimensions_dur,get_ommatidia_dur,measure_ommatidia_dur
D_mauritiana_SEM\Tam16_female_1_central_2\gaussian_blur\intensity_1.000.png,1.0,0.021673231648680413,800.0,5.6780898,0.9570923,0.0011510000000000001,3.7400155,0.0036557000000000004
D_mauritiana_SEM\Tam16_female_1_central_2\gaussian_blur\intensity_2.000.png,2.0,0.021780680661494634,797.0,14.081805600000001,0.8432878,0.0010957,12.458820000000001,0.0019554
D_mauritiana_SEM\Tam16_female_1_central_2\gaussian_blur\intensity_4.000.png,4.0,0.021797231398192025,813.0,20.505151400000003,0.7398830000000001,0.0014015000000000002,19.016525400000003,0.0019369
D_mauritiana_SEM\Tam16_female_1_central_2\gaussian_blur\intensity_8.000.png,8.0,0.021867086809369503,724.0,22.775752200000003,0.7647484,0.0012773,21.229113,0.0019932
D_mauritiana_SEM\Tam16_female_1_central_2\gaussian_blur\intensity_16.000.png,16.0,0.021895545229684465,447.0,25.3608356,0.7795851,0.0011078000000000001,23.8351384,0.0014833000000000001
D_mauritiana_SEM\Tam16_female_1_central_2\gaussian_blur\intensity_32.000.png,32.0,,0.0,23.485998300000002,0.7935352,0.0017997000000000002,22.0770884,9.9e-06
