filename,intensity,lens_diameter,lens_count,total_dur,get_outline_dur,get_eye_dimensions_dur,get_ommatidia_dur,measure_ommatidia_dur
ant_replicas\mapnig4_1\reduce_size\intensity_1.000.png,1.0,0.0141981988699949,2527.0,3.9291419000000003,0.25880390000000003,0.0011366,2.9303946,0.0036088
ant_replicas\mapnig4_1\reduce_size\intensity_2.000.png,2.0,0.014036256273611958,2513.0,3.0816911,0.0631508,0.0009401,2.3915843000000003,0.0028224
ant_replicas\mapnig4_1\reduce_size\intensity_4.000.png,4.0,0.03854045918061832,267.0,0.5443132,0.018904400000000002,0.0013539000000000001,0.2797717,0.0007015000000000001
ant_replicas\mapnig4_1\reduce_size\intensity_8.000.png,8.0,0.04618936144281504,176.0,0.3520548,0.0051117,0.0006488,0.1216836,0.0005537000000000001
ant_replicas\mapnig4_1\reduce_size\intensity_16.000.png,16.0,0.2109835194623684,13.0,0.1898387,0.0018309,0.0006484,0.0064779,0.0003953
ant_replicas\mapnig4_1\reduce_size\intensity_32.000.png,32.0,,0.0,0.1577253,0.0013637,0.0011507000000000002,0.0042753,1.6000000000000001e-06
