filename,intensity,lens_diameter,lens_count,total_dur,get_outline_dur,get_eye_dimensions_dur,get_ommatidia_dur,measure_ommatidia_dur
D_melanogaster_micrographs\10\change_contrast\intensity_0.031.png,0.03125,0.015204974804877657,831.0,2.4231888,0.2621274,0.0009633,1.6093620000000002,0.0016125
D_melanogaster_micrographs\10\change_contrast\intensity_0.062.png,0.0625,0.015229090345875622,842.0,4.4438629,0.25931380000000004,0.0011345,3.53948,0.0016556000000000001
D_melanogaster_micrographs\10\change_contrast\intensity_0.125.png,0.125,0.015235939018222257,842.0,4.1422065,0.2654091,0.001263,3.3956257,0.0016585
D_melanogaster_micrographs\10\change_contrast\intensity_0.250.png,0.25,0.015233669027925261,849.0,4.328159100000001,0.2842327,0.0014781,3.494199,0.0016969
D_melanogaster_micrographs\10\change_contrast\intensity_0.500.png,0.5,0.015234044549213201,844.0,4.158203100000001,0.26006090000000004,0.0010031,3.3789579,0.0015840000000000001
D_melanogaster_micrographs\10\change_contrast\intensity_1.000.png,1.0,0.01523531976848591,848.0,4.2413124,0.27164910000000003,0.0009303,3.3806373,0.0015349
