filename,intensity,lens_diameter,lens_count,total_dur,get_outline_dur,get_eye_dimensions_dur,get_ommatidia_dur,measure_ommatidia_dur
ant_replicas\not7_RE\reduce_size\intensity_1.000.png,1.0,0.014397126287461436,144.0,1.9195315000000002,0.23401750000000002,0.0008658,1.3911393,0.0007096
ant_replicas\not7_RE\reduce_size\intensity_2.000.png,2.0,0.01383895370936841,152.0,1.329312,0.0687645,0.0009557000000000001,1.0286748000000001,0.0009862
ant_replicas\not7_RE\reduce_size\intensity_4.000.png,4.0,0.018242017465234128,83.0,0.694438,0.0196944,0.0007618000000000001,0.4765843,0.0005864
ant_replicas\not7_RE\reduce_size\intensity_8.000.png,8.0,0.03602103905135564,21.0,0.37813640000000004,0.0048633,0.0011289000000000002,0.1725449,0.0004358
ant_replicas\not7_RE\reduce_size\intensity_16.000.png,16.0,,0.0,0.21127710000000002,0.0016237,0.0007024,0.0034737,1.3e-06
ant_replicas\not7_RE\reduce_size\intensity_32.000.png,32.0,,0.0,0.1818786,0.0008009,0.0007171,0.0026067,1.4000000000000001e-06
