filename,intensity,lens_diameter,lens_count,total_dur,get_outline_dur,get_eye_dimensions_dur,get_ommatidia_dur,measure_ommatidia_dur
D_mauritiana_SEM\Tam16_female_11\gaussian_blur\intensity_1.000.png,1.0,0.017557962789841515,829.0,6.4545509,1.0075982,0.0015882000000000001,4.1873627,0.001964
D_mauritiana_SEM\Tam16_female_11\gaussian_blur\intensity_2.000.png,2.0,0.017483841907335245,830.0,18.2574539,0.9988803,0.0015597,16.0288298,0.0019649000000000003
D_mauritiana_SEM\Tam16_female_11\gaussian_blur\intensity_4.000.png,4.0,0.01741986387241213,825.0,26.140625500000002,1.0089476000000002,0.0016003,23.804197400000003,0.0020982
D_mauritiana_SEM\Tam16_female_11\gaussian_blur\intensity_8.000.png,8.0,0.017672186344273172,770.0,33.4106107,1.0448662,0.0016503000000000002,31.117334500000002,0.0018670000000000002
D_mauritiana_SEM\Tam16_female_11\gaussian_blur\intensity_16.000.png,16.0,0.02041700430520461,329.0,66.1351724,1.0393235,0.0016521,62.6291427,0.0031639000000000003
D_mauritiana_SEM\Tam16_female_11\gaussian_blur\intensity_32.000.png,32.0,,0.0,86.38155230000001,3.0585483,0.0038506,82.38693860000001,1.77e-05
