filename,intensity,lens_diameter,lens_count,total_dur,get_outline_dur,get_eye_dimensions_dur,get_ommatidia_dur,measure_ommatidia_dur
D_melanogaster_micrographs\11\gaussian_blur\intensity_1.000.png,1.0,0.015460354383261527,940.0,6.2179501,0.5197024,0.0017609000000000001,4.671588300000001,0.0024364
D_melanogaster_micrographs\11\gaussian_blur\intensity_2.000.png,2.0,0.015461543643451347,842.0,8.4694302,0.36869660000000004,0.0017230000000000001,7.1379232,0.0025970000000000003
D_melanogaster_micrographs\11\gaussian_blur\intensity_4.000.png,4.0,0.015362423001435534,619.0,9.6506827,0.40204900000000005,0.0018928,8.2013117,0.0018519
D_melanogaster_micrographs\11\gaussian_blur\intensity_8.000.png,8.0,,0.0,9.1870103,0.3770742,0.0016205000000000002,8.1741381,8.200000000000001e-06
D_melanogaster_micrographs\11\gaussian_blur\intensity_16.000.png,16.0,,0.0,8.822117,0.4458148,0.0017997000000000002,7.646908600000001,1.13e-05
D_melanogaster_micrographs\11\gaussian_blur\intensity_32.000.png,32.0,inf,2.0,8.546738000000001,0.330336,0.0015240000000000002,7.455466700000001,0.0010718000000000001
