filename,intensity,lens_diameter,lens_count,total_dur,get_outline_dur,get_eye_dimensions_dur,get_ommatidia_dur,measure_ommatidia_dur
D_mauritiana_SEM\Tam16_female_1_central_2\change_contrast\intensity_0.031.png,0.03125,,0.0,4.673001500000001,0.7949899,0.0015568000000000001,3.3899334000000003,9.7e-06
D_mauritiana_SEM\Tam16_female_1_central_2\change_contrast\intensity_0.062.png,0.0625,0.05819287709091182,6.0,4.6657193,0.8491677000000001,0.002055,3.253744,0.0006552
D_mauritiana_SEM\Tam16_female_1_central_2\change_contrast\intensity_0.125.png,0.125,0.02237936783987864,393.0,4.8613038,0.8898753,0.0013719000000000001,3.3554035000000004,0.0012872
D_mauritiana_SEM\Tam16_female_1_central_2\change_contrast\intensity_0.250.png,0.25,0.0215321736981992,655.0,4.8608922,0.8491494,0.0017155,3.3923553,0.0014009
D_mauritiana_SEM\Tam16_female_1_central_2\change_contrast\intensity_0.500.png,0.5,0.021503021448172382,778.0,5.053459800000001,0.8747844,0.0013221,3.4299143,0.0015169
D_mauritiana_SEM\Tam16_female_1_central_2\change_contrast\intensity_1.000.png,1.0,0.021670670230123742,799.0,5.0485632,0.7813198,0.0012471000000000001,3.6063818000000003,0.0015375
