filename,intensity,lens_diameter,lens_count,total_dur,get_outline_dur,get_eye_dimensions_dur,get_ommatidia_dur,measure_ommatidia_dur
D_mauritiana_SEM\Tam16_female_2_central\reduce_size\intensity_1.000.png,1.0,0.019628464939698526,809.0,5.0832364000000005,0.8319011000000001,0.0015361,3.5689657,0.0015691000000000001
D_mauritiana_SEM\Tam16_female_2_central\reduce_size\intensity_2.000.png,2.0,0.019358139080606088,815.0,1.6628995000000002,0.2334642,0.0012514000000000002,0.9843384000000001,0.0014759
D_mauritiana_SEM\Tam16_female_2_central\reduce_size\intensity_4.000.png,4.0,0.019728791962022173,813.0,0.9477194000000001,0.066124,0.0010698,0.4556543,0.0015283
D_mauritiana_SEM\Tam16_female_2_central\reduce_size\intensity_8.000.png,8.0,0.019892436358832272,794.0,0.6972488,0.0312682,0.0012867,0.2721251,0.0018492
D_mauritiana_SEM\Tam16_female_2_central\reduce_size\intensity_16.000.png,16.0,0.019267310311011747,786.0,0.5634893000000001,0.0058285,0.0007847,0.2146653,0.0018948
D_mauritiana_SEM\Tam16_female_2_central\reduce_size\intensity_32.000.png,32.0,0.02655072341324644,284.0,0.3255882,0.0018584,0.0006315,0.059953200000000005,0.0008206
