filename,intensity,lens_diameter,lens_count,total_dur,get_outline_dur,get_eye_dimensions_dur,get_ommatidia_dur,measure_ommatidia_dur
D_melanogaster_micrographs\34\gaussian_blur\intensity_1.000.png,1.0,0.015575190621757651,829.0,3.4153669000000004,0.2471219,0.0012041,2.7448080000000004,0.0016225
D_melanogaster_micrographs\34\gaussian_blur\intensity_2.000.png,2.0,0.015587734291009275,807.0,6.3654013,0.2617123,0.0011963,5.6341152,0.0016043000000000001
D_melanogaster_micrographs\34\gaussian_blur\intensity_4.000.png,4.0,0.015558078110929767,789.0,8.7844028,0.2604282,0.0011216000000000002,8.051462800000001,0.0022365
D_melanogaster_micrographs\34\gaussian_blur\intensity_8.000.png,8.0,0.05202614751193976,16.0,8.132685200000001,0.3004084,0.0009756000000000001,7.523864400000001,0.0008012000000000001
D_melanogaster_micrographs\34\gaussian_blur\intensity_16.000.png,16.0,inf,1.0,8.1108104,0.2433806,0.0009871,7.548623200000001,0.0005989000000000001
D_melanogaster_micrographs\34\gaussian_blur\intensity_32.000.png,32.0,0.015588377253466462,240.0,8.1491366,0.29195580000000004,0.0011319000000000001,7.138612800000001,0.0008149
