filename,intensity,lens_diameter,lens_count,total_dur,get_outline_dur,get_eye_dimensions_dur,get_ommatidia_dur,measure_ommatidia_dur
D_mauritiana_SEM\Tam16_female_14\reduce_size\intensity_1.000.png,1.0,0.02005141415009125,816.0,4.9391182,0.8111152,0.0014103000000000002,3.4234931000000004,0.0016515000000000002
D_mauritiana_SEM\Tam16_female_14\reduce_size\intensity_2.000.png,2.0,0.020168305827069802,811.0,1.7711356,0.231085,0.001662,1.0480208,0.0020865000000000002
D_mauritiana_SEM\Tam16_female_14\reduce_size\intensity_4.000.png,4.0,0.01989047849728883,821.0,0.8731674,0.05737370000000001,0.0010205000000000001,0.4188851,0.0018688
D_mauritiana_SEM\Tam16_female_14\reduce_size\intensity_8.000.png,8.0,0.020366308229537486,804.0,0.6902320000000001,0.0172631,0.0010107,0.26333500000000004,0.0022851
D_mauritiana_SEM\Tam16_female_14\reduce_size\intensity_16.000.png,16.0,0.019825119389078348,790.0,0.5596554,0.006350700000000001,0.0009813,0.20168160000000002,0.0015128000000000001
D_mauritiana_SEM\Tam16_female_14\reduce_size\intensity_32.000.png,32.0,0.02868520024799147,241.0,0.2684654,0.0025887,0.0008213000000000001,0.0377049,0.0010747
