filename,intensity,lens_diameter,lens_count,total_dur,get_outline_dur,get_eye_dimensions_dur,get_ommatidia_dur,measure_ommatidia_dur
D_melanogaster_micrographs\19\reduce_size\intensity_1.000.png,1.0,0.015281111020224815,902.0,4.1031202,0.24337140000000002,0.0011299,3.4165764000000003,0.0016231000000000002
D_melanogaster_micrographs\19\reduce_size\intensity_2.000.png,2.0,0.015177098400504652,874.0,3.2295962,0.06950540000000001,0.0015368,2.7054256000000003,0.0016816000000000001
D_melanogaster_micrographs\19\reduce_size\intensity_4.000.png,4.0,0.015180455884287496,804.0,2.006211,0.0244622,0.0008717000000000001,1.6244384,0.0013077000000000002
D_melanogaster_micrographs\19\reduce_size\intensity_8.000.png,8.0,0.01830055366798428,307.0,0.7990059,0.0049058,0.0011863000000000002,0.5113093000000001,0.0010493
D_melanogaster_micrographs\19\reduce_size\intensity_16.000.png,16.0,0.04177967253288276,82.0,0.32182910000000003,0.0026793000000000003,0.0011844000000000002,0.0932319,0.0005048
D_melanogaster_micrographs\19\reduce_size\intensity_32.000.png,32.0,,0.0,0.20918820000000002,0.001244,0.0009065000000000001,0.0029549000000000003,1.8000000000000001e-06
