filename,intensity,lens_diameter,lens_count,total_dur,get_outline_dur,get_eye_dimensions_dur,get_ommatidia_dur,measure_ommatidia_dur
D_mauritiana_SEM\Tam16_female_11\change_contrast\intensity_0.031.png,0.03125,,0.0,6.214809000000001,1.1176853,0.0016316000000000002,4.333828400000001,1.08e-05
D_mauritiana_SEM\Tam16_female_11\change_contrast\intensity_0.062.png,0.0625,inf,1.0,6.593555200000001,1.0828715,0.0019489000000000002,4.5738761000000006,0.0407813
D_mauritiana_SEM\Tam16_female_11\change_contrast\intensity_0.125.png,0.125,0.01797648861627455,301.0,6.2734076000000005,1.0760032000000002,0.0018486000000000002,4.2275818,0.001159
D_mauritiana_SEM\Tam16_female_11\change_contrast\intensity_0.250.png,0.25,0.017787383857743838,700.0,6.3742827,1.0234679,0.0027285,4.3238788,0.0018937000000000001
D_mauritiana_SEM\Tam16_female_11\change_contrast\intensity_0.500.png,0.5,0.017506470187205306,808.0,6.364617300000001,1.0609487,0.0015545000000000001,4.200081900000001,0.0019202000000000002
D_mauritiana_SEM\Tam16_female_11\change_contrast\intensity_1.000.png,1.0,0.017591056114728096,830.0,6.667644,1.0944244,0.0017885000000000002,4.4119028,0.0027962
