filename,intensity,lens_diameter,lens_count,total_dur,get_outline_dur,get_eye_dimensions_dur,get_ommatidia_dur,measure_ommatidia_dur
ant_replicas\rhy6_map\change_contrast\intensity_0.031.png,0.03125,0.013776821279600258,218.0,1.1104708,0.2846461,0.0012225,0.46650840000000005,0.0008393000000000001
ant_replicas\rhy6_map\change_contrast\intensity_0.062.png,0.0625,0.01383054902116213,225.0,1.0559198,0.263369,0.0009119000000000001,0.4736504,0.0008267000000000001
ant_replicas\rhy6_map\change_contrast\intensity_0.125.png,0.125,0.013826325071353101,226.0,1.3190267,0.38561530000000005,0.0011102,0.5766253,0.0014684000000000001
ant_replicas\rhy6_map\change_contrast\intensity_0.250.png,0.25,0.013834421925041284,226.0,1.3171782,0.28139040000000004,0.0009901,0.6306217000000001,0.0009311
ant_replicas\rhy6_map\change_contrast\intensity_0.500.png,0.5,0.013832946440052238,226.0,1.4936195,0.24014280000000002,0.0008786000000000001,0.9193559,0.0008423
ant_replicas\rhy6_map\change_contrast\intensity_1.000.png,1.0,0.013834303511256472,226.0,2.4656572000000003,0.2512691,0.0015828,1.8555007000000001,0.0010988
