filename,intensity,lens_diameter,lens_count,total_dur,get_outline_dur,get_eye_dimensions_dur,get_ommatidia_dur,measure_ommatidia_dur
D_melanogaster_micrographs\19\change_contrast\intensity_0.031.png,0.03125,0.01536412058374465,782.0,2.7004866,0.2772522,0.0010886000000000001,1.9849376,0.0018188000000000002
D_melanogaster_micrographs\19\change_contrast\intensity_0.062.png,0.0625,0.015337825873476598,811.0,3.3250738,0.26399110000000003,0.0009642,2.6479255000000004,0.0015731
D_melanogaster_micrographs\19\change_contrast\intensity_0.125.png,0.125,0.015312422411465566,826.0,3.6405922000000004,0.240601,0.0012508,2.9126290000000004,0.0020812
D_melanogaster_micrographs\19\change_contrast\intensity_0.250.png,0.25,0.015282595826351579,899.0,4.2584995,0.28106180000000003,0.0010165,3.5420901000000002,0.0016409
D_melanogaster_micrographs\19\change_contrast\intensity_0.500.png,0.5,0.01527014983533792,896.0,4.0509624,0.24406540000000002,0.0009882,3.3568497,0.0016389000000000002
D_melanogaster_micrographs\19\change_contrast\intensity_1.000.png,1.0,0.015281111020224815,902.0,4.1128195000000005,0.2573442,0.001286,3.4290372000000002,0.0016566
