filename,intensity,lens_diameter,lens_count,total_dur,get_outline_dur,get_eye_dimensions_dur,get_ommatidia_dur,measure_ommatidia_dur
D_melanogaster_micrographs\18\gaussian_blur\intensity_1.000.png,1.0,0.015532646805479262,865.0,3.1231185000000004,0.2529828,0.0014049000000000002,2.4149184000000004,0.0016538000000000002
D_melanogaster_micrographs\18\gaussian_blur\intensity_2.000.png,2.0,0.015550074932665232,836.0,5.7887405,0.2641981,0.0013569,5.0542822,0.0015425
D_melanogaster_micrographs\18\gaussian_blur\intensity_4.000.png,4.0,0.05740223252838003,48.0,7.030746400000001,0.251898,0.0012654,6.4695157000000005,0.0005791
D_melanogaster_micrographs\18\gaussian_blur\intensity_8.000.png,8.0,0.050451236422595816,13.0,7.3969521,0.25492600000000004,0.001028,6.7507543000000005,0.0011353000000000001
D_melanogaster_micrographs\18\gaussian_blur\intensity_16.000.png,16.0,inf,1.0,7.187413500000001,0.2932193,0.0011519,6.538673200000001,0.0010488000000000001
D_melanogaster_micrographs\18\gaussian_blur\intensity_32.000.png,32.0,,0.0,7.749102100000001,0.29558120000000004,0.0010453,7.119207800000001,1e-05
