filename,intensity,lens_diameter,lens_count,total_dur,get_outline_dur,get_eye_dimensions_dur,get_ommatidia_dur,measure_ommatidia_dur
D_mauritiana_SEM\Tam16_female_6_central\gaussian_blur\intensity_1.000.png,1.0,0.02246840562501744,845.0,4.6782858,0.7355002,0.0011446000000000002,3.1433352,0.0020692
D_mauritiana_SEM\Tam16_female_6_central\gaussian_blur\intensity_2.000.png,2.0,0.022551880771720288,844.0,11.7161772,0.7110926000000001,0.0010810000000000001,10.123941700000001,0.0016192000000000001
D_mauritiana_SEM\Tam16_female_6_central\gaussian_blur\intensity_4.000.png,4.0,0.022638222875629173,840.0,19.137166800000003,0.7385291,0.0013029,17.6184806,0.0019821
D_mauritiana_SEM\Tam16_female_6_central\gaussian_blur\intensity_8.000.png,8.0,0.0237439081789612,698.0,21.1645988,0.7033281,0.0011576000000000002,19.704412,0.0014888000000000002
D_mauritiana_SEM\Tam16_female_6_central\gaussian_blur\intensity_16.000.png,16.0,0.023967793025415914,467.0,25.4928822,0.7917747,0.0012326000000000001,23.8990554,0.0013555000000000002
D_mauritiana_SEM\Tam16_female_6_central\gaussian_blur\intensity_32.000.png,32.0,,0.0,23.1711114,0.9145162000000001,0.0016193000000000002,21.6496679,9.100000000000001e-06
