filename,intensity,lens_diameter,lens_count,total_dur,get_outline_dur,get_eye_dimensions_dur,get_ommatidia_dur,measure_ommatidia_dur
D_melanogaster_micrographs\20\change_contrast\intensity_0.031.png,0.03125,0.014948042480362387,828.0,2.2075749,0.3220255,0.0010713,1.5101512000000001,0.0015302
D_melanogaster_micrographs\20\change_contrast\intensity_0.062.png,0.0625,0.015177259346910403,865.0,4.0958633,0.28029950000000003,0.0011328,3.4087775000000002,0.0033558000000000004
D_melanogaster_micrographs\20\change_contrast\intensity_0.125.png,0.125,0.015163080656540826,871.0,4.1205167000000005,0.2612786,0.0011114,3.4103001,0.0016701
D_melanogaster_micrographs\20\change_contrast\intensity_0.250.png,0.25,0.01517003351621935,872.0,4.2346829,0.2573916,0.0011554,3.531928,0.0021978
D_melanogaster_micrographs\20\change_contrast\intensity_0.500.png,0.5,0.015173198295088071,872.0,4.17468,0.2755168,0.0011774,3.4517664000000003,0.0016622000000000002
D_melanogaster_micrographs\20\change_contrast\intensity_1.000.png,1.0,0.015178701746796135,871.0,4.561730300000001,0.2664052,0.0013265,3.8623067000000004,0.0023475
