filename,intensity,lens_diameter,lens_count,total_dur,get_outline_dur,get_eye_dimensions_dur,get_ommatidia_dur,measure_ommatidia_dur
ant_replicas\not7_RE\gaussian_blur\intensity_1.000.png,1.0,0.014398058832099207,143.0,1.8751606,0.23167190000000001,0.0008763000000000001,1.3203813,0.0007237000000000001
ant_replicas\not7_RE\gaussian_blur\intensity_2.000.png,2.0,,0.0,1.1364463,0.26093160000000004,0.0009000000000000001,0.4763678,1.46e-05
ant_replicas\not7_RE\gaussian_blur\intensity_4.000.png,4.0,,0.0,1.1721533000000002,0.30274300000000004,0.0010145,0.4807615,8.900000000000001e-06
ant_replicas\not7_RE\gaussian_blur\intensity_8.000.png,8.0,,0.0,1.2577259,0.335911,0.0008244000000000001,0.5392100000000001,8.400000000000001e-06
ant_replicas\not7_RE\gaussian_blur\intensity_16.000.png,16.0,,0.0,1.1949966,0.3094983,0.0008041000000000001,0.44094340000000004,7.4e-06
ant_replicas\not7_RE\gaussian_blur\intensity_32.000.png,32.0,,0.0,0.9335672,0.24413580000000001,0.0008726000000000001,0.39048720000000003,8.7e-06
