filename,intensity,lens_diameter,lens_count,total_dur,get_outline_dur,get_eye_dimensions_dur,get_ommatidia_dur,measure_ommatidia_dur
D_melanogaster_micrographs\24\gaussian_blur\intensity_1.000.png,1.0,0.015186256806117198,938.0,4.5612158,0.2700096,0.0014784000000000002,3.7334633000000004,0.0047022
D_melanogaster_micrographs\24\gaussian_blur\intensity_2.000.png,2.0,0.015217945086578961,808.0,6.0921893,0.28045790000000004,0.0012027000000000001,5.2985277,0.0016494
D_melanogaster_micrographs\24\gaussian_blur\intensity_4.000.png,4.0,0.015182797377066886,631.0,7.2328991,0.257697,0.0010810000000000001,6.4818373000000005,0.0015789
D_melanogaster_micrographs\24\gaussian_blur\intensity_8.000.png,8.0,0.040492387842440754,29.0,7.262125,0.2951111,0.001096,6.587121300000001,0.0005478000000000001
D_melanogaster_micrographs\24\gaussian_blur\intensity_16.000.png,16.0,,0.0,6.9253621,0.32651850000000004,0.0014747,6.284084200000001,5.500000000000001e-06
D_melanogaster_micrographs\24\gaussian_blur\intensity_32.000.png,32.0,inf,3.0,6.9738557000000005,0.2601063,0.001425,6.3950664,0.0005932
