filename,intensity,lens_diameter,lens_count,total_dur,get_outline_dur,get_eye_dimensions_dur,get_ommatidia_dur,measure_ommatidia_dur
D_mauritiana_SEM\Tam16_female_2_central\change_contrast\intensity_0.031.png,0.03125,,0.0,5.4377396000000005,0.9653975,0.0018863,3.9740213000000004,1.06e-05
D_mauritiana_SEM\Tam16_female_2_central\change_contrast\intensity_0.062.png,0.0625,0.021013698169383165,109.0,5.331887200000001,0.9005154000000001,0.0012078,3.9038231000000003,0.0009183
D_mauritiana_SEM\Tam16_female_2_central\change_contrast\intensity_0.125.png,0.125,0.020163123360182906,585.0,5.4307774,0.9800748,0.0019301000000000001,3.8044813000000004,0.0016705000000000001
D_mauritiana_SEM\Tam16_female_2_central\change_contrast\intensity_0.250.png,0.25,0.01971931299239018,770.0,5.1675071,0.9095447000000001,0.0011305,3.6090386000000003,0.0015016
D_mauritiana_SEM\Tam16_female_2_central\change_contrast\intensity_0.500.png,0.5,0.019646890005159394,805.0,5.4050095,0.8784896000000001,0.0012235,3.8903309000000004,0.0014097
D_mauritiana_SEM\Tam16_female_2_central\change_contrast\intensity_1.000.png,1.0,0.019628464939698526,809.0,5.2371518,0.8376176000000001,0.0013374,3.7174158000000004,0.0023775000000000003
