filename,intensity,lens_diameter,lens_count,total_dur,get_outline_dur,get_eye_dimensions_dur,get_ommatidia_dur,measure_ommatidia_dur
D_melanogaster_micrographs\18\reduce_size\intensity_1.000.png,1.0,0.01554329948083622,870.0,3.1881245000000002,0.2567787,0.0010467,2.4538053,0.0020927000000000003
D_melanogaster_micrographs\18\reduce_size\intensity_2.000.png,2.0,0.015414935663275961,883.0,2.2705456,0.059408600000000006,0.0008838,1.7610160000000001,0.0031529
D_melanogaster_micrographs\18\reduce_size\intensity_4.000.png,4.0,0.014937175021213427,861.0,2.1084625000000004,0.026434500000000003,0.0023247000000000003,1.7141615000000001,0.0029794
D_melanogaster_micrographs\18\reduce_size\intensity_8.000.png,8.0,0.05779523526857849,47.0,0.5155202,0.006089600000000001,0.0008504000000000001,0.0709797,0.0005174
D_melanogaster_micrographs\18\reduce_size\intensity_16.000.png,16.0,0.05353000330759409,54.0,0.3135078,0.0033318,0.0012038,0.0641873,0.0004940000000000001
D_melanogaster_micrographs\18\reduce_size\intensity_32.000.png,32.0,,0.0,0.20349710000000001,0.0009814000000000001,0.0007502,0.0019674000000000002,1.2000000000000002e-06
