filename,intensity,lens_diameter,lens_count,total_dur,get_outline_dur,get_eye_dimensions_dur,get_ommatidia_dur,measure_ommatidia_dur
D_melanogaster_micrographs\30\gaussian_blur\intensity_1.000.png,1.0,0.01537129501359495,1051.0,3.8835804,0.2884993,0.001299,3.1188523000000004,0.0023386
D_melanogaster_micrographs\30\gaussian_blur\intensity_2.000.png,2.0,0.015427602434163537,901.0,5.538441000000001,0.3393561,0.0012149,4.7122127,0.001685
D_melanogaster_micrographs\30\gaussian_blur\intensity_4.000.png,4.0,0.015414919692291109,901.0,9.0545714,0.2894223,0.0010688,8.179889300000001,0.0021127000000000003
D_melanogaster_micrographs\30\gaussian_blur\intensity_8.000.png,8.0,0.046173083188280874,21.0,7.2580404000000005,0.2999751,0.0018737,6.638008200000001,0.0004713
D_melanogaster_micrographs\30\gaussian_blur\intensity_16.000.png,16.0,inf,2.0,7.366264200000001,0.275123,0.0013068,6.773425700000001,0.0008277
D_melanogaster_micrographs\30\gaussian_blur\intensity_32.000.png,32.0,0.05992644994056873,21.0,7.257846700000001,0.2946786,0.0012868,6.6393320000000005,0.0008241
