filename,intensity,lens_diameter,lens_count,total_dur,get_outline_dur,get_eye_dimensions_dur,get_ommatidia_dur,measure_ommatidia_dur
D_melanogaster_micrographs\30\change_contrast\intensity_0.031.png,0.03125,0.015402106158411396,932.0,2.8946321000000004,0.295897,0.0010251000000000001,2.1719399,0.0021306000000000003
D_melanogaster_micrographs\30\change_contrast\intensity_0.062.png,0.0625,0.015377605628388373,1052.0,4.1113097000000005,0.2648802,0.0010662,3.3441520000000002,0.0017145
D_melanogaster_micrographs\30\change_contrast\intensity_0.125.png,0.125,0.015363125242103225,1053.0,4.1599573,0.27711240000000004,0.0024351,3.3028001000000002,0.0017693000000000001
D_melanogaster_micrographs\30\change_contrast\intensity_0.250.png,0.25,0.015368520092571178,1055.0,4.368094200000001,0.304444,0.00116,3.5032865,0.0038854000000000002
D_melanogaster_micrographs\30\change_contrast\intensity_0.500.png,0.5,0.015358813214395091,1058.0,4.1806725,0.26699130000000004,0.0010852000000000001,3.4466702000000002,0.0018546
D_melanogaster_micrographs\30\change_contrast\intensity_1.000.png,1.0,0.015366239857102029,1053.0,4.6006727000000005,0.32156110000000004,0.0020273,3.7437581000000004,0.0024557000000000003
