filename,intensity,lens_diameter,lens_count,total_dur,get_outline_dur,get_eye_dimensions_dur,get_ommatidia_dur,measure_ommatidia_dur
D_melanogaster_micrographs\11\change_contrast\intensity_0.031.png,0.03125,0.0154812600200477,915.0,4.231499400000001,0.40885710000000003,0.0014596000000000001,2.7395377,0.0023748000000000003
D_melanogaster_micrographs\11\change_contrast\intensity_0.062.png,0.0625,0.015454062341004543,936.0,6.5509101,0.3653924,0.0015058,5.134620900000001,0.0024105000000000003
D_melanogaster_micrographs\11\change_contrast\intensity_0.125.png,0.125,0.015454467778815085,941.0,6.2817957,0.3706586,0.0037782000000000002,4.7549606,0.0024346000000000003
D_melanogaster_micrographs\11\change_contrast\intensity_0.250.png,0.25,0.015452441692889831,940.0,6.1837267,0.37832160000000004,0.0017914,4.667688200000001,0.0026289
D_melanogaster_micrographs\11\change_contrast\intensity_0.500.png,0.5,0.015452102681318018,939.0,6.197675200000001,0.3976982,0.0015055000000000001,4.6982949000000005,0.0025153000000000003
D_melanogaster_micrographs\11\change_contrast\intensity_1.000.png,1.0,0.015463134704029819,944.0,7.5171915,0.3453106,0.0017812000000000001,5.8607822,0.0024232000000000004
