filename,intensity,lens_diameter,lens_count,total_dur,get_outline_dur,get_eye_dimensions_dur,get_ommatidia_dur,measure_ommatidia_dur
D_mauritiana_SEM\Tam16_female_2_central\gaussian_blur\intensity_1.000.png,1.0,0.019534470848494984,810.0,4.9877846,0.831647,0.0012521000000000001,3.3647353000000004,0.0032944000000000003
D_mauritiana_SEM\Tam16_female_2_central\gaussian_blur\intensity_2.000.png,2.0,0.019520949540760967,808.0,13.587282900000002,0.7965656000000001,0.0016245,11.9753912,0.0022404
D_mauritiana_SEM\Tam16_female_2_central\gaussian_blur\intensity_4.000.png,4.0,0.019553724407849627,802.0,19.7535589,0.8497299,0.0015905000000000001,18.1517102,0.0015810000000000002
D_mauritiana_SEM\Tam16_female_2_central\gaussian_blur\intensity_8.000.png,8.0,0.02002922213755953,781.0,24.1040366,0.8195671000000001,0.0014706,22.5265916,0.0016024000000000001
D_mauritiana_SEM\Tam16_female_2_central\gaussian_blur\intensity_16.000.png,16.0,0.020997737778383586,472.0,23.1911582,0.7850053,0.0012276000000000001,21.697225200000002,0.0017425000000000001
D_mauritiana_SEM\Tam16_female_2_central\gaussian_blur\intensity_32.000.png,32.0,,0.0,21.843402400000002,0.9349965,0.0012408,20.256946300000003,7.3e-06
