,subject,eye_area,eye_length,eye_width,ommatidial_diameter_M,ommatidial_diameter_M2,ommatidial_diameter_SD,hand_ommatidial_diameter_M,ommatidial_count,hand_count,pixel
0,maptarnew4_atop_dleft.tif,581816.4606,921.8547759,803.5883143,17.55502748,16.75032727,0.690115515,18.02461862,2592,2626,1.478641698
1,A13LE.tif,102738.6471,399.7153828,327.2601303,15.73612199,15.83457043,0.373723291,15.7094217,458,479,0.656963393
2,not7_RE.tif,31064.553,223.3577249,177.0819314,14.57427029,14.75896793,1.608627339,15.82278036,151,153,1.478641698
3,not2_DRA_Dleft_Adown.tif,35719.28409,235.5457697,193.080118,15.28303528,15.46322585,0.957994443,15.71822613,166,169,1.478641698
4,rhy6_map.tif,46961.71757,277.1832034,215.7183955,14.52787469,14.42561697,1.041601808,14.7401826,219,230,1.478641698
5,mapnig4_1.tif,332808.1863,764.2099286,554.4870954,15.38507847,13.86110225,1.165250318,14.41852513,2368,2441,1.478641698
