filename,intensity,lens_diameter,lens_count,total_dur,get_outline_dur,get_eye_dimensions_dur,get_ommatidia_dur,measure_ommatidia_dur
D_melanogaster_micrographs\10\reduce_size\intensity_1.000.png,1.0,0.01523531976848591,848.0,4.218522200000001,0.2687736,0.0033127,3.3621432,0.0026727
D_melanogaster_micrographs\10\reduce_size\intensity_2.000.png,2.0,0.01516592341676269,837.0,3.1199355,0.0682324,0.0009966,2.470667,0.0015487
D_melanogaster_micrographs\10\reduce_size\intensity_4.000.png,4.0,0.014588193869205885,780.0,2.0332006000000002,0.019107000000000002,0.0009879,1.483996,0.0013185
D_melanogaster_micrographs\10\reduce_size\intensity_8.000.png,8.0,0.01765611956987515,322.0,0.8773255000000001,0.00706,0.0008472000000000001,0.44172920000000004,0.0010683000000000001
D_melanogaster_micrographs\10\reduce_size\intensity_16.000.png,16.0,,0.0,0.2567719,0.0020576,0.000776,0.0045715,2.2e-06
D_melanogaster_micrographs\10\reduce_size\intensity_32.000.png,32.0,,0.0,0.29581280000000004,0.0011822,0.0009306000000000001,0.0411487,2.1000000000000002e-06
