filename,intensity,lens_diameter,lens_count,total_dur,get_outline_dur,get_eye_dimensions_dur,get_ommatidia_dur,measure_ommatidia_dur
D_melanogaster_micrographs\14\change_contrast\intensity_0.031.png,0.03125,0.014760887169156457,872.0,4.2983965,0.27156430000000004,0.0011077,3.661798,0.0016497
D_melanogaster_micrographs\14\change_contrast\intensity_0.062.png,0.0625,0.014837747793302722,870.0,4.7234452000000005,0.28740750000000004,0.0012627,4.014061900000001,0.0015799000000000002
D_melanogaster_micrographs\14\change_contrast\intensity_0.125.png,0.125,0.014832989420516546,870.0,4.4108223,0.2865088,0.0010289000000000001,3.6533808000000003,0.0016484000000000002
D_melanogaster_micrographs\14\change_contrast\intensity_0.250.png,0.25,0.014837425247010008,872.0,4.2867858000000005,0.2901058,0.0010343000000000001,3.5809359,0.0020035
D_melanogaster_micrographs\14\change_contrast\intensity_0.500.png,0.5,0.014838003851953418,870.0,4.3123797,0.27510840000000003,0.0011491000000000001,3.5425438000000002,0.0016173000000000001
D_melanogaster_micrographs\14\change_contrast\intensity_1.000.png,1.0,0.014820312873477143,872.0,4.3175545,0.3693621,0.0010813,3.4878011000000004,0.0015651
