filename,intensity,lens_diameter,lens_count,total_dur,get_outline_dur,get_eye_dimensions_dur,get_ommatidia_dur,measure_ommatidia_dur
D_mauritiana_SEM\Tam16_female_7\reduce_size\intensity_1.000.png,1.0,0.02028454092211658,821.0,4.9678732000000005,0.8438313000000001,0.0013183000000000001,3.5091134000000004,0.00166
D_mauritiana_SEM\Tam16_female_7\reduce_size\intensity_2.000.png,2.0,0.02023466433939655,817.0,1.7225703,0.19772990000000001,0.0011612,1.0277692,0.0015858
D_mauritiana_SEM\Tam16_female_7\reduce_size\intensity_4.000.png,4.0,0.020194627200557445,824.0,0.9308993000000001,0.056141300000000005,0.0012289,0.4379348,0.0023852
D_mauritiana_SEM\Tam16_female_7\reduce_size\intensity_8.000.png,8.0,0.020671811870589876,805.0,0.6902447,0.014422,0.0007395,0.2739034,0.0014129000000000001
D_mauritiana_SEM\Tam16_female_7\reduce_size\intensity_16.000.png,16.0,0.02014119862345338,759.0,0.5796914000000001,0.0055509,0.0011303,0.2017875,0.0014729
D_mauritiana_SEM\Tam16_female_7\reduce_size\intensity_32.000.png,32.0,0.029104475328064282,262.0,0.3096264,0.0024274,0.0008587,0.0553181,0.0007441
