filename,intensity,lens_diameter,lens_count,total_dur,get_outline_dur,get_eye_dimensions_dur,get_ommatidia_dur,measure_ommatidia_dur
D_melanogaster_micrographs\24\reduce_size\intensity_1.000.png,1.0,0.015181475186032927,945.0,4.2294197,0.26026910000000003,0.0010418,3.4571718000000002,0.0026750000000000003
D_melanogaster_micrographs\24\reduce_size\intensity_2.000.png,2.0,0.014980562203601966,927.0,3.1513970000000002,0.064307,0.0008824000000000001,2.618468,0.0040464
D_melanogaster_micrographs\24\reduce_size\intensity_4.000.png,4.0,0.014466369514963858,823.0,1.9245784000000001,0.016729900000000002,0.0008592000000000001,1.4388196000000002,0.0026058
D_melanogaster_micrographs\24\reduce_size\intensity_8.000.png,8.0,0.017524705321385545,338.0,0.7817542000000001,0.0051,0.0009745000000000001,0.5082565,0.0010252
D_melanogaster_micrographs\24\reduce_size\intensity_16.000.png,16.0,,0.0,0.1823575,0.0027248000000000003,0.0009213,0.0037804,1.3e-06
D_melanogaster_micrographs\24\reduce_size\intensity_32.000.png,32.0,,0.0,0.2453169,0.0013410000000000002,0.0009794,0.0017761,1.6000000000000001e-06
