filename,intensity,lens_diameter,lens_count,total_dur,get_outline_dur,get_eye_dimensions_dur,get_ommatidia_dur,measure_ommatidia_dur
D_mauritiana_SEM\Tam16_female_1_central\reduce_size\intensity_1.000.png,1.0,0.01965197446988787,911.0,5.016536100000001,0.7892823000000001,0.0013892000000000002,3.4852131,0.0024821
D_mauritiana_SEM\Tam16_female_1_central\reduce_size\intensity_2.000.png,2.0,0.01947389511864886,918.0,1.7312431000000001,0.21577400000000002,0.0011112000000000001,1.0576412000000002,0.0016267
D_mauritiana_SEM\Tam16_female_1_central\reduce_size\intensity_4.000.png,4.0,0.019534890516720874,916.0,1.032071,0.06093440000000001,0.0010101,0.5720263,0.0017297
D_mauritiana_SEM\Tam16_female_1_central\reduce_size\intensity_8.000.png,8.0,0.019754238800832942,877.0,0.6770461000000001,0.025236900000000003,0.0010474,0.255095,0.0018244000000000001
D_mauritiana_SEM\Tam16_female_1_central\reduce_size\intensity_16.000.png,16.0,0.019261338839163474,859.0,0.6321272,0.009628300000000001,0.0013679,0.2470436,0.0014933000000000001
D_mauritiana_SEM\Tam16_female_1_central\reduce_size\intensity_32.000.png,32.0,0.026386597793763032,311.0,0.3193383,0.0025458,0.0007798000000000001,0.057411000000000004,0.0009575
