filename,intensity,lens_diameter,lens_count,total_dur,get_outline_dur,get_eye_dimensions_dur,get_ommatidia_dur,measure_ommatidia_dur
D_melanogaster_micrographs\11\reduce_size\intensity_1.000.png,1.0,0.015463134704029819,944.0,5.751099600000001,0.38223310000000005,0.0039936,4.4247681000000005,0.0026225000000000003
D_melanogaster_micrographs\11\reduce_size\intensity_2.000.png,2.0,0.015247777808537937,926.0,4.6761023,0.1753049,0.001518,3.4093428,0.0034779000000000003
D_melanogaster_micrographs\11\reduce_size\intensity_4.000.png,4.0,0.014932317669414061,849.0,3.0459229000000003,0.0519671,0.0019392,2.0221322,0.0033363000000000004
D_melanogaster_micrographs\11\reduce_size\intensity_8.000.png,8.0,0.01946590207806043,314.0,1.4468502,0.015480200000000001,0.0018571000000000002,0.6874184000000001,0.001061
D_melanogaster_micrographs\11\reduce_size\intensity_16.000.png,16.0,,0.0,0.5077185000000001,0.0050521,0.0019575,0.0084911,3.7e-06
D_melanogaster_micrographs\11\reduce_size\intensity_32.000.png,32.0,,0.0,0.6567877000000001,0.0024270000000000003,0.0019989,0.0639711,4.1000000000000006e-06
