filename,intensity,lens_diameter,lens_count,total_dur,get_outline_dur,get_eye_dimensions_dur,get_ommatidia_dur,measure_ommatidia_dur
D_melanogaster_micrographs\30\reduce_size\intensity_1.000.png,1.0,0.015366239857102029,1053.0,4.013007,0.2702461,0.0010636,3.269479,0.0017791
D_melanogaster_micrographs\30\reduce_size\intensity_2.000.png,2.0,0.015249402251435016,1033.0,3.2819767000000004,0.0859838,0.0009338,2.740027,0.0018030000000000001
D_melanogaster_micrographs\30\reduce_size\intensity_4.000.png,4.0,0.014761633917470676,926.0,1.9968129000000001,0.0200782,0.0008978,1.4947372,0.0015637000000000001
D_melanogaster_micrographs\30\reduce_size\intensity_8.000.png,8.0,0.01759981055908523,427.0,0.7928667,0.008252200000000001,0.0012304,0.4791844,0.0011296000000000001
D_melanogaster_micrographs\30\reduce_size\intensity_16.000.png,16.0,,0.0,0.19514630000000002,0.0027393,0.0008545,0.0040447,1.8000000000000001e-06
D_melanogaster_micrographs\30\reduce_size\intensity_32.000.png,32.0,,0.0,0.195726,0.0010254,0.000682,0.0016427000000000002,1.3e-06
