filename,intensity,lens_diameter,lens_count,total_dur,get_outline_dur,get_eye_dimensions_dur,get_ommatidia_dur,measure_ommatidia_dur
D_mauritiana_SEM\Tam16_female_4\reduce_size\intensity_1.000.png,1.0,0.019664680640717233,810.0,5.0181955,0.8017963,0.0013069000000000002,3.5410228000000004,0.0020529000000000003
D_mauritiana_SEM\Tam16_female_4\reduce_size\intensity_2.000.png,2.0,0.019870712963336493,804.0,1.7072836,0.23679060000000002,0.0012974,0.9868891000000001,0.002298
D_mauritiana_SEM\Tam16_female_4\reduce_size\intensity_4.000.png,4.0,0.01950877125511807,812.0,0.9118115000000001,0.054873000000000005,0.0011142,0.44123680000000004,0.0015689
D_mauritiana_SEM\Tam16_female_4\reduce_size\intensity_8.000.png,8.0,0.019765318512973702,793.0,0.6527278000000001,0.0144635,0.0008719000000000001,0.2784805,0.0013497000000000001
D_mauritiana_SEM\Tam16_female_4\reduce_size\intensity_16.000.png,16.0,0.019559195904867176,735.0,0.5520676,0.0045613,0.0006406000000000001,0.20641130000000002,0.0015705
D_mauritiana_SEM\Tam16_female_4\reduce_size\intensity_32.000.png,32.0,0.04103044223827557,146.0,0.27929170000000003,0.0020219,0.0006669,0.026939800000000003,0.000519
