filename,intensity,lens_diameter,lens_count,total_dur,get_outline_dur,get_eye_dimensions_dur,get_ommatidia_dur,measure_ommatidia_dur
D_mauritiana_SEM\Tam16_female_1_central_2\reduce_size\intensity_1.000.png,1.0,0.021670670230123742,799.0,5.3916864,0.8958278000000001,0.0021922,3.8302333,0.0016712
D_mauritiana_SEM\Tam16_female_1_central_2\reduce_size\intensity_2.000.png,2.0,0.02164423755476349,798.0,1.8735169,0.2157128,0.0010562,1.1108158000000001,0.0017172
D_mauritiana_SEM\Tam16_female_1_central_2\reduce_size\intensity_4.000.png,4.0,0.021404124803718096,805.0,0.9115801,0.0644219,0.0010178000000000001,0.43818050000000003,0.0025155
D_mauritiana_SEM\Tam16_female_1_central_2\reduce_size\intensity_8.000.png,8.0,0.021397531536473485,796.0,0.693513,0.018831800000000003,0.0010423000000000001,0.25380060000000004,0.0013352000000000001
D_mauritiana_SEM\Tam16_female_1_central_2\reduce_size\intensity_16.000.png,16.0,0.02066584006168215,785.0,0.5312765,0.0057091,0.0010664000000000001,0.19745010000000002,0.0013735000000000002
D_mauritiana_SEM\Tam16_female_1_central_2\reduce_size\intensity_32.000.png,32.0,0.02885316888986114,256.0,0.30514610000000003,0.0019649000000000003,0.0006815,0.0451507,0.0008409
