filename,intensity,lens_diameter,lens_count,total_dur,get_outline_dur,get_eye_dimensions_dur,get_ommatidia_dur,measure_ommatidia_dur
ant_replicas\maptarnew4_atop_dleft\reduce_size\intensity_1.000.png,1.0,0.016894315893765534,2570.0,4.0228253,0.26174240000000004,0.001132,3.0496863000000003,0.004197
ant_replicas\maptarnew4_atop_dleft\reduce_size\intensity_2.000.png,2.0,0.016484243918261927,2718.0,2.9126966000000003,0.06960670000000001,0.0012640000000000001,2.2328554,0.0038082000000000003
ant_replicas\maptarnew4_atop_dleft\reduce_size\intensity_4.000.png,4.0,0.016155239769533952,2647.0,1.8878766,0.023515300000000003,0.0008624,1.2925714000000001,0.005159400000000001
ant_replicas\maptarnew4_atop_dleft\reduce_size\intensity_8.000.png,8.0,0.034202925773290434,487.0,0.5660469,0.0118177,0.0014103000000000002,0.3085606,0.0009528000000000001
ant_replicas\maptarnew4_atop_dleft\reduce_size\intensity_16.000.png,16.0,0.46657808501867637,4.0,0.21572460000000002,0.00234,0.0008139,0.0051833,0.0003169
ant_replicas\maptarnew4_atop_dleft\reduce_size\intensity_32.000.png,32.0,,0.0,0.1839253,0.002036,0.0014524000000000002,0.0054981000000000006,2.3e-06
