filename,intensity,lens_diameter,lens_count,total_dur,get_outline_dur,get_eye_dimensions_dur,get_ommatidia_dur,measure_ommatidia_dur
D_melanogaster_micrographs\20\reduce_size\intensity_1.000.png,1.0,0.015178701746796135,871.0,4.1721955,0.2845972,0.0010055,3.4327910000000004,0.0021549
D_melanogaster_micrographs\20\reduce_size\intensity_2.000.png,2.0,0.014958620698723411,859.0,3.2242032000000003,0.0716585,0.0009906000000000001,2.7657329,0.0015095
D_melanogaster_micrographs\20\reduce_size\intensity_4.000.png,4.0,0.014495832076487884,774.0,1.9999378,0.0212313,0.0011041,1.5570919,0.0015858
D_melanogaster_micrographs\20\reduce_size\intensity_8.000.png,8.0,0.018160724842114458,306.0,0.6713588,0.005897,0.0014672,0.4123716,0.0007866
D_melanogaster_micrographs\20\reduce_size\intensity_16.000.png,16.0,0.048838943444668284,61.0,0.3146083,0.0020422,0.0007892000000000001,0.07714280000000001,0.0008998000000000001
D_melanogaster_micrographs\20\reduce_size\intensity_32.000.png,32.0,,0.0,0.19729870000000002,0.0009125,0.0007308000000000001,0.0016232000000000002,1.2000000000000002e-06
