filename,intensity,lens_diameter,lens_count,total_dur,get_outline_dur,get_eye_dimensions_dur,get_ommatidia_dur,measure_ommatidia_dur
ant_replicas\not2_DRA_Dleft_Adown\reduce_size\intensity_1.000.png,1.0,0.014348472341981174,169.0,2.107599,0.24203760000000002,0.0012594000000000001,1.5654658000000001,0.0007991000000000001
ant_replicas\not2_DRA_Dleft_Adown\reduce_size\intensity_2.000.png,2.0,0.014153927897399594,169.0,1.5615084000000001,0.0703286,0.0008648000000000001,1.2553608,0.0007436000000000001
ant_replicas\not2_DRA_Dleft_Adown\reduce_size\intensity_4.000.png,4.0,0.013696427573011467,157.0,0.8440222000000001,0.0197244,0.00103,0.6005752000000001,0.0006434
ant_replicas\not2_DRA_Dleft_Adown\reduce_size\intensity_8.000.png,8.0,inf,1.0,0.22360760000000002,0.005745,0.0009338,0.0221452,0.0006576
ant_replicas\not2_DRA_Dleft_Adown\reduce_size\intensity_16.000.png,16.0,,0.0,0.18537800000000001,0.0016367,0.0007141000000000001,0.004832100000000001,1.8000000000000001e-06
ant_replicas\not2_DRA_Dleft_Adown\reduce_size\intensity_32.000.png,32.0,,0.0,0.1820157,0.0007682,0.0007068,0.0029089000000000003,1.9e-06
