filename,intensity,lens_diameter,lens_count,total_dur,get_outline_dur,get_eye_dimensions_dur,get_ommatidia_dur,measure_ommatidia_dur
ant_replicas\rhy6_map\gaussian_blur\intensity_1.000.png,1.0,0.013827310515175072,226.0,2.7431463000000003,0.38084500000000004,0.0017103,1.9597193000000002,0.0010535
ant_replicas\rhy6_map\gaussian_blur\intensity_2.000.png,2.0,0.0137246851990971,221.0,1.7898776,0.3265887,0.0008483000000000001,0.9727365000000001,0.0009466
ant_replicas\rhy6_map\gaussian_blur\intensity_4.000.png,4.0,,0.0,1.1743573,0.3655603,0.0013583,0.45497940000000003,6.200000000000001e-06
ant_replicas\rhy6_map\gaussian_blur\intensity_8.000.png,8.0,,0.0,1.0687514,0.29997450000000003,0.0013963,0.4529652,8.1e-06
ant_replicas\rhy6_map\gaussian_blur\intensity_16.000.png,16.0,,0.0,1.0546713,0.2824169,0.0008435000000000001,0.42639760000000004,8.400000000000001e-06
ant_replicas\rhy6_map\gaussian_blur\intensity_32.000.png,32.0,,0.0,1.0465633,0.28174360000000004,0.0009304000000000001,0.46318570000000003,6.1e-06
