filename,intensity,lens_diameter,lens_count,total_dur,get_outline_dur,get_eye_dimensions_dur,get_ommatidia_dur,measure_ommatidia_dur
D_melanogaster_micrographs\24\change_contrast\intensity_0.031.png,0.03125,0.015232860407768889,460.0,1.6655441000000002,0.2642215,0.0011041,1.0672943000000001,0.0014843
D_melanogaster_micrographs\24\change_contrast\intensity_0.062.png,0.0625,0.015136412394281049,939.0,4.4444249000000005,0.25935630000000004,0.0013661,3.7576651,0.0017154000000000002
D_melanogaster_micrographs\24\change_contrast\intensity_0.125.png,0.125,0.01518940803390399,950.0,4.5189566,0.25852400000000003,0.0010776000000000002,3.7811187000000004,0.0018529000000000002
D_melanogaster_micrographs\24\change_contrast\intensity_0.250.png,0.25,0.015192487801334958,942.0,4.2285014,0.31577330000000003,0.0013231,3.4407036000000004,0.0022218000000000003
D_melanogaster_micrographs\24\change_contrast\intensity_0.500.png,0.5,0.015194381018137249,945.0,4.672684100000001,0.3490384,0.0009659000000000001,3.8319091000000003,0.0017752000000000002
D_melanogaster_micrographs\24\change_contrast\intensity_1.000.png,1.0,0.015181475186032927,945.0,4.2211179,0.2689572,0.0010814000000000002,3.5164310000000003,0.0017799
