filename,intensity,lens_diameter,lens_count,total_dur,get_outline_dur,get_eye_dimensions_dur,get_ommatidia_dur,measure_ommatidia_dur
D_mauritiana_SEM\Tam16_female_8_central\reduce_size\intensity_1.000.png,1.0,0.01910684685169836,840.0,4.9623493000000005,0.8998492,0.0013507,3.3676981,0.0019275000000000002
D_mauritiana_SEM\Tam16_female_8_central\reduce_size\intensity_2.000.png,2.0,0.01977181014008943,830.0,1.6655649000000001,0.2086494,0.0011761,0.9900744,0.0015499
D_mauritiana_SEM\Tam16_female_8_central\reduce_size\intensity_4.000.png,4.0,0.019262387723124545,838.0,0.9751406,0.0528225,0.0012158000000000002,0.45543120000000004,0.0032764
D_mauritiana_SEM\Tam16_female_8_central\reduce_size\intensity_8.000.png,8.0,0.019431658697059692,818.0,0.7049524,0.014427700000000002,0.0009262000000000001,0.2356551,0.0014752
D_mauritiana_SEM\Tam16_female_8_central\reduce_size\intensity_16.000.png,16.0,0.019704481814468024,792.0,0.5455177,0.0054887,0.0008958000000000001,0.18418630000000003,0.0018451000000000001
D_mauritiana_SEM\Tam16_female_8_central\reduce_size\intensity_32.000.png,32.0,,0.0,0.20889890000000003,0.0029162000000000003,0.0016686000000000001,0.0046107000000000006,1.5e-06
