filename,intensity,lens_diameter,lens_count,total_dur,get_outline_dur,get_eye_dimensions_dur,get_ommatidia_dur,measure_ommatidia_dur
ant_replicas\not7_RE\change_contrast\intensity_0.031.png,0.03125,0.014642443610132649,124.0,0.8887203,0.2423026,0.0008405000000000001,0.3960211,0.000705
ant_replicas\not7_RE\change_contrast\intensity_0.062.png,0.0625,0.014420690634936107,142.0,1.0391346000000001,0.2696634,0.0008743000000000001,0.5037461000000001,0.0011228
ant_replicas\not7_RE\change_contrast\intensity_0.125.png,0.125,0.014392753284539277,144.0,1.0773067,0.2727487,0.0008545,0.5268050000000001,0.0007283000000000001
ant_replicas\not7_RE\change_contrast\intensity_0.250.png,0.25,0.014397126287461436,144.0,1.1242679,0.2508132,0.000835,0.5763446,0.0007849
ant_replicas\not7_RE\change_contrast\intensity_0.500.png,0.5,0.014397126287461436,144.0,1.3759897,0.2380404,0.0010235,0.8189308000000001,0.0007282
ant_replicas\not7_RE\change_contrast\intensity_1.000.png,1.0,0.014397126287461436,144.0,2.0103839000000003,0.2532377,0.0008813,1.4799456000000002,0.0007346000000000001
