filename,intensity,lens_diameter,lens_count,total_dur,get_outline_dur,get_eye_dimensions_dur,get_ommatidia_dur,measure_ommatidia_dur
D_melanogaster_micrographs\10\gaussian_blur\intensity_1.000.png,1.0,0.015236779068342325,844.0,4.6348287,0.2858777,0.0009040000000000001,3.7517927,0.0016111
D_melanogaster_micrographs\10\gaussian_blur\intensity_2.000.png,2.0,0.015240429117804506,771.0,6.1105253,0.2811387,0.0010972,5.2419323,0.0016740000000000001
D_melanogaster_micrographs\10\gaussian_blur\intensity_4.000.png,4.0,0.029504003858486446,145.0,7.4343057,0.25539280000000003,0.0014364,6.7034763,0.0006877000000000001
D_melanogaster_micrographs\10\gaussian_blur\intensity_8.000.png,8.0,0.017558415546835026,203.0,7.484768000000001,0.26548710000000003,0.0009592000000000001,6.760846300000001,0.0008545
D_melanogaster_micrographs\10\gaussian_blur\intensity_16.000.png,16.0,0.08922858799280586,5.0,7.2058632000000005,0.2825284,0.0010445,6.478091600000001,0.0004801
D_melanogaster_micrographs\10\gaussian_blur\intensity_32.000.png,32.0,0.0686846348373113,15.0,7.3618784,0.2854684,0.0010591,6.654509900000001,0.0005266
