filename,intensity,lens_diameter,lens_count,total_dur,get_outline_dur,get_eye_dimensions_dur,get_ommatidia_dur,measure_ommatidia_dur
D_melanogaster_micrographs\31\change_contrast\intensity_0.031.png,0.03125,0.015288480204215077,945.0,3.9311784000000003,0.4027581,0.0013819000000000001,2.9404409,0.0016608
D_melanogaster_micrographs\31\change_contrast\intensity_0.062.png,0.0625,0.01532792813842498,947.0,3.2505951000000004,0.31300740000000005,0.0012747000000000001,2.4259882000000004,0.0016766
D_melanogaster_micrographs\31\change_contrast\intensity_0.125.png,0.125,0.015352982194839472,951.0,3.1477577,0.2871497,0.0009618000000000001,2.3175732,0.0017507000000000002
D_melanogaster_micrographs\31\change_contrast\intensity_0.250.png,0.25,0.01533468914796705,949.0,3.3831644,0.2710732,0.0015948000000000002,2.6298025000000003,0.0017618000000000002
D_melanogaster_micrographs\31\change_contrast\intensity_0.500.png,0.5,0.01533897690279471,942.0,3.3202018000000004,0.3215525,0.0012093000000000002,2.4943049,0.0027796
D_melanogaster_micrographs\31\change_contrast\intensity_1.000.png,1.0,0.015314545991926871,950.0,3.4420786000000003,0.2715744,0.0010450000000000001,2.691475,0.0017735000000000001
