filename,intensity,lens_diameter,lens_count,total_dur,get_outline_dur,get_eye_dimensions_dur,get_ommatidia_dur,measure_ommatidia_dur
D_mauritiana_SEM\Tam16_female_8_central\gaussian_blur\intensity_1.000.png,1.0,0.019110759379035783,839.0,5.2436962000000005,0.8882797,0.0013021,3.4581487,0.0023733
D_mauritiana_SEM\Tam16_female_8_central\gaussian_blur\intensity_2.000.png,2.0,0.01926114007864247,834.0,11.960348100000001,0.8670453,0.0011489,10.309890300000001,0.0015182000000000001
D_mauritiana_SEM\Tam16_female_8_central\gaussian_blur\intensity_4.000.png,4.0,0.019230833296885175,830.0,20.961221400000003,0.7803589000000001,0.0016526000000000002,19.3828785,0.0016046
D_mauritiana_SEM\Tam16_female_8_central\gaussian_blur\intensity_8.000.png,8.0,0.019801550035880123,797.0,23.7364374,0.7854396,0.0014304,22.170391600000002,0.0017662
D_mauritiana_SEM\Tam16_female_8_central\gaussian_blur\intensity_16.000.png,16.0,0.02233335157738291,369.0,28.600277400000003,0.8104863000000001,0.0010860000000000002,27.0402185,0.0014348000000000002
D_mauritiana_SEM\Tam16_female_8_central\gaussian_blur\intensity_32.000.png,32.0,,0.0,24.0632033,0.7848605000000001,0.0012622,22.530586900000003,8.7e-06
