filename,intensity,lens_diameter,lens_count,total_dur,get_outline_dur,get_eye_dimensions_dur,get_ommatidia_dur,measure_ommatidia_dur
D_mauritiana_SEM\Tam16_female_11\reduce_size\intensity_1.000.png,1.0,0.017591056114728096,830.0,6.924110600000001,1.0436201,0.012486,4.6181966,0.0422273
D_mauritiana_SEM\Tam16_female_11\reduce_size\intensity_2.000.png,2.0,0.017980346572957315,821.0,2.4030660000000004,0.27836740000000004,0.0016785,1.2420126,0.0019416000000000001
D_mauritiana_SEM\Tam16_female_11\reduce_size\intensity_4.000.png,4.0,0.017385551780431188,833.0,1.3721218000000002,0.1270244,0.0012969000000000001,0.5402035000000001,0.0020119
D_mauritiana_SEM\Tam16_female_11\reduce_size\intensity_8.000.png,8.0,0.01857238540730805,794.0,1.2556744,0.036664,0.0040363000000000005,0.37940060000000003,0.0027153000000000004
D_mauritiana_SEM\Tam16_female_11\reduce_size\intensity_16.000.png,16.0,0.018299848252229904,776.0,0.8586526000000001,0.0078114000000000005,0.0011510000000000001,0.2406156,0.0018528000000000001
D_mauritiana_SEM\Tam16_female_11\reduce_size\intensity_32.000.png,32.0,0.02735814179826316,251.0,0.8205471000000001,0.0046170000000000004,0.001678,0.0643315,0.0008655000000000001
