filename,intensity,lens_diameter,lens_count,total_dur,get_outline_dur,get_eye_dimensions_dur,get_ommatidia_dur,measure_ommatidia_dur
D_melanogaster_micrographs\31\reduce_size\intensity_1.000.png,1.0,0.015314545991926871,950.0,3.5559596000000004,0.286578,0.002189,2.7260739000000003,0.0018974
D_melanogaster_micrographs\31\reduce_size\intensity_2.000.png,2.0,0.01516502708832151,946.0,2.4324539,0.09160470000000001,0.0010498,1.8699993000000001,0.0015811
D_melanogaster_micrographs\31\reduce_size\intensity_4.000.png,4.0,0.01482258171694954,910.0,1.8189157,0.0226763,0.0007376,1.3901936000000001,0.0015201000000000001
D_melanogaster_micrographs\31\reduce_size\intensity_8.000.png,8.0,0.03030240706837527,175.0,0.43330620000000003,0.011271600000000001,0.0010314,0.1979643,0.0005839
D_melanogaster_micrographs\31\reduce_size\intensity_16.000.png,16.0,,0.0,0.1909915,0.0022434,0.0006405,0.0029820000000000003,1.3e-06
D_melanogaster_micrographs\31\reduce_size\intensity_32.000.png,32.0,,0.0,0.19406040000000002,0.0010347000000000002,0.0009006000000000001,0.0020134000000000003,1.9e-06
