filename,intensity,lens_diameter,lens_count,total_dur,get_outline_dur,get_eye_dimensions_dur,get_ommatidia_dur,measure_ommatidia_dur
ant_replicas\mapnig4_1\gaussian_blur\intensity_1.000.png,1.0,0.014572236631520978,2151.0,3.7925622000000003,0.2098575,0.0010192,2.7162809,0.0034912000000000003
ant_replicas\mapnig4_1\gaussian_blur\intensity_2.000.png,2.0,,0.0,1.1764430000000001,0.2750404,0.0010644,0.5641463,6.200000000000001e-06
ant_replicas\mapnig4_1\gaussian_blur\intensity_4.000.png,4.0,,0.0,1.0577875,0.2529229,0.0010429,0.4047734,6.900000000000001e-06
ant_replicas\mapnig4_1\gaussian_blur\intensity_8.000.png,8.0,,0.0,1.0731992000000001,0.28787830000000003,0.0015213000000000002,0.44542550000000003,6e-06
ant_replicas\mapnig4_1\gaussian_blur\intensity_16.000.png,16.0,,0.0,1.0599020000000001,0.305276,0.0015506,0.44194560000000005,1.1400000000000001e-05
ant_replicas\mapnig4_1\gaussian_blur\intensity_32.000.png,32.0,,0.0,1.0429279,0.2852623,0.0017310000000000001,0.42506010000000005,7.8e-06
