filename,intensity,lens_diameter,lens_count,total_dur,get_outline_dur,get_eye_dimensions_dur,get_ommatidia_dur,measure_ommatidia_dur
D_melanogaster_micrographs\39\reduce_size\intensity_1.000.png,1.0,0.015522097696689427,834.0,3.2455429000000002,0.23692860000000002,0.0013225,2.5046945000000003,0.0017253000000000001
D_melanogaster_micrographs\39\reduce_size\intensity_2.000.png,2.0,0.015407629009828528,843.0,2.3503516,0.063463,0.0008712,1.8226052000000001,0.0019745
D_melanogaster_micrographs\39\reduce_size\intensity_4.000.png,4.0,0.015445440587499248,825.0,2.0476406000000003,0.0163043,0.000785,1.6428235,0.0014996
D_melanogaster_micrographs\39\reduce_size\intensity_8.000.png,8.0,0.017652930538851516,351.0,0.6047807000000001,0.0061733000000000005,0.0007744000000000001,0.35664870000000004,0.0008761000000000001
D_melanogaster_micrographs\39\reduce_size\intensity_16.000.png,16.0,0.06207666673363891,36.0,0.264536,0.0021820000000000003,0.0006813,0.0345712,0.0005718
D_melanogaster_micrographs\39\reduce_size\intensity_32.000.png,32.0,,0.0,0.18413410000000002,0.0011925,0.0008928,0.0023122,1.7e-06
