filename,intensity,lens_diameter,lens_count,total_dur,get_outline_dur,get_eye_dimensions_dur,get_ommatidia_dur,measure_ommatidia_dur
ant_replicas\not2_DRA_Dleft_Adown\change_contrast\intensity_0.031.png,0.03125,0.014501252429438507,157.0,0.9979587000000001,0.2678486,0.0010717,0.41224330000000003,0.0007315
ant_replicas\not2_DRA_Dleft_Adown\change_contrast\intensity_0.062.png,0.0625,0.014344724612642683,169.0,1.0167767,0.2634249,0.0008757000000000001,0.46430740000000004,0.000741
ant_replicas\not2_DRA_Dleft_Adown\change_contrast\intensity_0.125.png,0.125,0.014357161231428058,169.0,1.7400269000000002,0.4907307,0.0013691,0.9085240000000001,0.0010265
ant_replicas\not2_DRA_Dleft_Adown\change_contrast\intensity_0.250.png,0.25,0.014408648187762859,168.0,1.2675237000000001,0.2604421,0.0011923,0.714874,0.0007774
ant_replicas\not2_DRA_Dleft_Adown\change_contrast\intensity_0.500.png,0.5,0.014347873132218338,169.0,1.3792861,0.2400371,0.0008774000000000001,0.8519892,0.0007742000000000001
ant_replicas\not2_DRA_Dleft_Adown\change_contrast\intensity_1.000.png,1.0,0.014347873132218341,169.0,2.6670443,0.2642155,0.0008454000000000001,2.0321302,0.0009437
