filename,intensity,lens_diameter,lens_count,total_dur,get_outline_dur,get_eye_dimensions_dur,get_ommatidia_dur,measure_ommatidia_dur
ant_replicas\mapnig4_1\change_contrast\intensity_0.031.png,0.03125,0.01414213147290966,549.0,1.1141276,0.27624950000000004,0.0011204000000000001,0.47809710000000005,0.0012339
ant_replicas\mapnig4_1\change_contrast\intensity_0.062.png,0.0625,0.013857760827149488,2205.0,1.7552385000000001,0.2403992,0.0010337,0.9275577,0.0033749
ant_replicas\mapnig4_1\change_contrast\intensity_0.125.png,0.125,0.014166724939828637,2508.0,2.4091304,0.2693244,0.0021649,1.4212523000000001,0.0066553
ant_replicas\mapnig4_1\change_contrast\intensity_0.250.png,0.25,0.014216361632401362,2523.0,2.6726941,0.296506,0.0010788,1.6221737,0.0036409000000000003
ant_replicas\mapnig4_1\change_contrast\intensity_0.500.png,0.5,0.014196529395385602,2527.0,2.9200241,0.29991470000000003,0.0010907,1.9241506000000002,0.004418200000000001
ant_replicas\mapnig4_1\change_contrast\intensity_1.000.png,1.0,0.0141981988699949,2527.0,5.3260926,0.305365,0.0011032000000000001,4.3236314,0.0042173
