filename,intensity,lens_diameter,lens_count,total_dur,get_outline_dur,get_eye_dimensions_dur,get_ommatidia_dur,measure_ommatidia_dur
D_mauritiana_SEM\Tam16_female_7\gaussian_blur\intensity_1.000.png,1.0,0.02028587612591152,821.0,5.0071707000000005,0.8569521000000001,0.0014528000000000002,3.3645966,0.0016336
D_mauritiana_SEM\Tam16_female_7\gaussian_blur\intensity_2.000.png,2.0,0.020284075623156407,818.0,11.791374600000001,0.7983219,0.0012875,10.1638889,0.0019245000000000002
D_mauritiana_SEM\Tam16_female_7\gaussian_blur\intensity_4.000.png,4.0,0.020108175281362047,825.0,17.9493438,0.8176530000000001,0.0018984000000000002,16.3692232,0.0015613
D_mauritiana_SEM\Tam16_female_7\gaussian_blur\intensity_8.000.png,8.0,0.020602803530953402,800.0,20.943789600000002,0.8137403000000001,0.0013141000000000001,19.4013867,0.0014785
D_mauritiana_SEM\Tam16_female_7\gaussian_blur\intensity_16.000.png,16.0,0.020903993742335786,527.0,19.312966600000003,0.7740407,0.0012468000000000002,17.8619945,0.0014491
D_mauritiana_SEM\Tam16_female_7\gaussian_blur\intensity_32.000.png,32.0,,0.0,19.204973000000003,0.7705987000000001,0.0013408,17.872047600000002,7.3e-06
