filename,intensity,lens_diameter,lens_count,total_dur,get_outline_dur,get_eye_dimensions_dur,get_ommatidia_dur,measure_ommatidia_dur
ant_replicas\rhy6_map\reduce_size\intensity_1.000.png,1.0,0.013834303511256472,226.0,2.7586955,0.28808300000000003,0.0009148,2.041065,0.0012795
ant_replicas\rhy6_map\reduce_size\intensity_2.000.png,2.0,0.013572335916088717,228.0,2.0842897000000002,0.0799219,0.0009899000000000002,1.6364911000000002,0.0008068000000000001
ant_replicas\rhy6_map\reduce_size\intensity_4.000.png,4.0,0.013052798431944472,224.0,1.023498,0.0368809,0.0014511,0.6236599,0.0007819000000000001
ant_replicas\rhy6_map\reduce_size\intensity_8.000.png,8.0,inf,1.0,0.2790231,0.0114292,0.0015843,0.014389,0.0005088
ant_replicas\rhy6_map\reduce_size\intensity_16.000.png,16.0,,0.0,0.30690520000000004,0.0025253000000000003,0.0009339000000000001,0.0076841,2.7e-06
ant_replicas\rhy6_map\reduce_size\intensity_32.000.png,32.0,,0.0,0.24153110000000003,0.0008607,0.0007938,0.0044852,3.4e-06
