filename,intensity,lens_diameter,lens_count,total_dur,get_outline_dur,get_eye_dimensions_dur,get_ommatidia_dur,measure_ommatidia_dur
D_mauritiana_SEM\Tam16_female_1_central\gaussian_blur\intensity_1.000.png,1.0,0.019653188374265558,911.0,4.9012136,0.7911345000000001,0.0014922000000000002,3.3060727,0.0021579
D_mauritiana_SEM\Tam16_female_1_central\gaussian_blur\intensity_2.000.png,2.0,0.019660605980626508,909.0,12.277650000000001,0.8228408,0.0012351,10.660243900000001,0.0017268000000000001
D_mauritiana_SEM\Tam16_female_1_central\gaussian_blur\intensity_4.000.png,4.0,0.019535781015885448,896.0,20.7673716,0.8342786000000001,0.0011468000000000001,19.022246000000003,0.0021394
D_mauritiana_SEM\Tam16_female_1_central\gaussian_blur\intensity_8.000.png,8.0,0.01976071825759492,836.0,22.5624563,0.8051638000000001,0.0012972,20.9614857,0.0016527
D_mauritiana_SEM\Tam16_female_1_central\gaussian_blur\intensity_16.000.png,16.0,0.020827151954436154,490.0,23.264646600000003,0.812718,0.001144,21.7445282,0.0015239000000000001
D_mauritiana_SEM\Tam16_female_1_central\gaussian_blur\intensity_32.000.png,32.0,,0.0,21.1591056,0.7721443,0.0012005000000000002,19.794929500000002,7.100000000000001e-06
