filename,intensity,lens_diameter,lens_count,total_dur,get_outline_dur,get_eye_dimensions_dur,get_ommatidia_dur,measure_ommatidia_dur
D_melanogaster_micrographs\14\reduce_size\intensity_1.000.png,1.0,0.014820312873477143,872.0,4.3113951,0.2412699,0.0011441,3.6315985000000004,0.0026495000000000004
D_melanogaster_micrographs\14\reduce_size\intensity_2.000.png,2.0,0.014723045722368018,806.0,2.5508301,0.0653155,0.0010536,2.0915478000000003,0.0014167000000000001
D_melanogaster_micrographs\14\reduce_size\intensity_4.000.png,4.0,0.014038616099387967,781.0,1.8414652,0.017654200000000002,0.0007677000000000001,1.4459741000000002,0.001745
D_melanogaster_micrographs\14\reduce_size\intensity_8.000.png,8.0,0.018532737960003487,286.0,0.7437050000000001,0.010057700000000001,0.0012534,0.43678680000000003,0.0008638000000000001
D_melanogaster_micrographs\14\reduce_size\intensity_16.000.png,16.0,0.04153351067741444,81.0,0.34479800000000005,0.0019694,0.0006501,0.11320010000000001,0.0005075
D_melanogaster_micrographs\14\reduce_size\intensity_32.000.png,32.0,,0.0,0.19185460000000001,0.0009392000000000001,0.0007251,0.0020391000000000003,1.3e-06
