filename,intensity,lens_diameter,lens_count,total_dur,get_outline_dur,get_eye_dimensions_dur,get_ommatidia_dur,measure_ommatidia_dur
D_melanogaster_micrographs\18\change_contrast\intensity_0.031.png,0.03125,0.015621612616478132,845.0,3.7584159,0.28424930000000004,0.0010683000000000001,3.0523274000000002,0.0016613
D_melanogaster_micrographs\18\change_contrast\intensity_0.062.png,0.0625,0.0155288971263552,866.0,3.1508237,0.2485294,0.0011954,2.4548705,0.0017221
D_melanogaster_micrographs\18\change_contrast\intensity_0.125.png,0.125,0.015557439838497982,864.0,3.2374382,0.2507352,0.0010940000000000001,2.5706710000000004,0.0041991
D_melanogaster_micrographs\18\change_contrast\intensity_0.250.png,0.25,0.01554371117205263,870.0,3.0946962,0.24124310000000002,0.0016107,2.4275640000000003,0.0018822
D_melanogaster_micrographs\18\change_contrast\intensity_0.500.png,0.5,0.015541435573758401,870.0,3.1745244,0.28205230000000003,0.0010991,2.4729754,0.0015889
D_melanogaster_micrographs\18\change_contrast\intensity_1.000.png,1.0,0.01554329948083622,870.0,3.1409136,0.2549634,0.0011321,2.468553,0.0018340000000000001
