filename,intensity,lens_diameter,lens_count,total_dur,get_outline_dur,get_eye_dimensions_dur,get_ommatidia_dur,measure_ommatidia_dur
D_melanogaster_micrographs\39\change_contrast\intensity_0.031.png,0.03125,0.015509846396566667,830.0,3.0245447000000003,0.23665950000000002,0.0011497,2.4284377000000004,0.0016745000000000002
D_melanogaster_micrographs\39\change_contrast\intensity_0.062.png,0.0625,0.015518525855245723,843.0,3.0987651,0.29360220000000004,0.0013408,2.4263849,0.0016012
D_melanogaster_micrographs\39\change_contrast\intensity_0.125.png,0.125,0.015528506587185438,833.0,2.8445382,0.25162110000000004,0.0011738,2.2070285000000003,0.0016323000000000002
D_melanogaster_micrographs\39\change_contrast\intensity_0.250.png,0.25,0.015522716514713507,834.0,2.9713397,0.2498729,0.0011532,2.2715454,0.0020019
D_melanogaster_micrographs\39\change_contrast\intensity_0.500.png,0.5,0.015520016793925544,837.0,2.8531704,0.2630267,0.0011423000000000002,2.2140239,0.0015986000000000002
D_melanogaster_micrographs\39\change_contrast\intensity_1.000.png,1.0,0.015522097696689427,834.0,2.9244895,0.2602006,0.00157,2.2574535,0.0016213
