filename,intensity,lens_diameter,lens_count,total_dur,get_outline_dur,get_eye_dimensions_dur,get_ommatidia_dur,measure_ommatidia_dur
D_melanogaster_micrographs\31\gaussian_blur\intensity_1.000.png,1.0,0.015347455498985665,901.0,3.0701765,0.2730399,0.0011358000000000002,2.2559624,0.0027806000000000003
D_melanogaster_micrographs\31\gaussian_blur\intensity_2.000.png,2.0,0.01536078984909487,814.0,5.3322649,0.2628883,0.0010387,4.5546081,0.0015703000000000002
D_melanogaster_micrographs\31\gaussian_blur\intensity_4.000.png,4.0,0.026516789482927655,235.0,8.0395129,0.31760120000000003,0.0011161,7.3258622,0.0008237
D_melanogaster_micrographs\31\gaussian_blur\intensity_8.000.png,8.0,0.062096843775717565,14.0,7.773021300000001,0.28931860000000004,0.0012070000000000002,7.1455209,0.000698
D_melanogaster_micrographs\31\gaussian_blur\intensity_16.000.png,16.0,0.06949943612509527,7.0,7.1578473,0.2892787,0.0009951,6.5178937,0.0006575
D_melanogaster_micrographs\31\gaussian_blur\intensity_32.000.png,32.0,,0.0,7.4448585000000005,0.2819015,0.0010942,6.840970400000001,5.2e-06
