filename,intensity,lens_diameter,lens_count,total_dur,get_outline_dur,get_eye_dimensions_dur,get_ommatidia_dur,measure_ommatidia_dur
D_melanogaster_micrographs\20\gaussian_blur\intensity_1.000.png,1.0,0.015115362104632537,775.0,3.147046,0.2673661,0.0011668000000000002,2.4394222,0.0017542
D_melanogaster_micrographs\20\gaussian_blur\intensity_2.000.png,2.0,0.015126631702259368,739.0,5.9082793,0.3092106,0.0011048,5.1243822,0.0024967
D_melanogaster_micrographs\20\gaussian_blur\intensity_4.000.png,4.0,0.015124161860639378,518.0,7.332222300000001,0.26623810000000003,0.0012246000000000002,6.6807485,0.0011989000000000001
D_melanogaster_micrographs\20\gaussian_blur\intensity_8.000.png,8.0,0.02310663931459478,153.0,7.0573715,0.330009,0.0010237,6.3868217000000005,0.0007099000000000001
D_melanogaster_micrographs\20\gaussian_blur\intensity_16.000.png,16.0,0.12377174430768567,4.0,6.5997306,0.26405460000000003,0.0011011,6.0389453,0.0008866000000000001
D_melanogaster_micrographs\20\gaussian_blur\intensity_32.000.png,32.0,inf,1.0,6.4382766,0.2725947,0.0015527000000000002,5.872243,0.0006547
