filename,intensity,lens_diameter,lens_count,total_dur,get_outline_dur,get_eye_dimensions_dur,get_ommatidia_dur,measure_ommatidia_dur
D_mauritiana_SEM\Tam16_female_14\gaussian_blur\intensity_1.000.png,1.0,0.02006150622891491,815.0,5.1017054,0.7518047,0.0011858,3.5092504000000004,0.001999
D_mauritiana_SEM\Tam16_female_14\gaussian_blur\intensity_2.000.png,2.0,0.020065000181308523,815.0,11.954422000000001,0.861149,0.0016405,10.3139417,0.0016172
D_mauritiana_SEM\Tam16_female_14\gaussian_blur\intensity_4.000.png,4.0,0.02015171692152544,813.0,19.392502200000003,0.7927382000000001,0.0011029,17.7567428,0.0015527000000000002
D_mauritiana_SEM\Tam16_female_14\gaussian_blur\intensity_8.000.png,8.0,0.019895908716095333,794.0,23.1584185,0.8217332,0.0011609,21.5341595,0.0020725
D_mauritiana_SEM\Tam16_female_14\gaussian_blur\intensity_16.000.png,16.0,0.021120038284890796,407.0,23.436482,0.7888549,0.0012759000000000002,22.000601300000003,0.0010633
D_mauritiana_SEM\Tam16_female_14\gaussian_blur\intensity_32.000.png,32.0,,0.0,21.255095500000003,0.8937963000000001,0.0011808,19.704270700000002,8.6e-06
